{"mean": [0.5077385902404785, 0.5077385902404785, 0.5077385902404785], "std": [0.2120247781276703, 0.2120247781276703, 0.2120247781276703]}